0,1,2,3,4,5,6,7,8,9,10,11,12,13,14,15,16,17,18,19,20,21,22,23,24,25,26,27,28,29,30,31,32,33,34,35,36,37,38,39,40,41,42,43,44,45,46,47,48,49,50,51,52,53,54,55,56,57,58,59,60,61,62,63,64,65,66,67,68,69,70,71,72,73,74,75,76,77,78,79,80,81,82,83,84,85,86,87,88,89,90,91,92,93,94,95,96,97,98,99
0.6627721715416598,0.6762376981443919,0.7140310669722435,0.7140310669722435,0.7140310669722435,0.7140310669722435,0.724709277650454,0.724709277650454,0.7379848909260674,0.7379848909260674,0.7379848909260674,0.7379848909260674,0.7379848909260674,0.7379848909260674,0.7379848909260674,0.7379848909260674,0.7379848909260674,0.7379848909260674,0.7379848909260674,0.7379848909260674,0.7379848909260674,0.7379848909260674,0.7379848909260674,0.7379848909260674,0.7379848909260674,0.7379848909260674,0.7379848909260674,0.7379848909260674,0.7379848909260674,0.7379848909260674,0.7379848909260674,0.7379848909260674,0.7379848909260674,0.7379848909260674,0.7379848909260674,0.7379848909260674,0.7379848909260674,0.7379848909260674,0.7379848909260674,0.7379848909260674,0.7379848909260674,0.7379848909260674,0.7379848909260674,0.7379848909260674,0.7379848909260674,0.7379848909260674,0.7379848909260674,0.7379848909260674,0.7379848909260674,0.7379848909260674,0.7379848909260674,0.7379848909260674,0.7379848909260674,0.7379848909260674,0.7379848909260674,0.7379848909260674,0.7379848909260674,0.7379848909260674,0.7379848909260674,0.7379848909260674,0.7379848909260674,0.7379848909260674,0.7379848909260674,0.7379848909260674,0.7379848909260674,0.7379848909260674,0.7379848909260674,0.7379848909260674,0.7379848909260674,0.7379848909260674,0.7379848909260674,0.7379848909260674,0.7379848909260674,0.7379848909260674,0.7379848909260674,0.7379848909260674,0.7379848909260674,0.7379848909260674,0.7379848909260674,0.7379848909260674,0.7379848909260674,0.7379848909260674,0.7379848909260674,0.7379848909260674,0.7379848909260674,0.7379848909260674,0.7379848909260674,0.7379848909260674,0.7379848909260674,0.7379848909260674,0.7379848909260674,0.7379848909260674,0.7379848909260674,0.7379848909260674,0.7379848909260674,0.7379848909260674,0.7379848909260674,0.7379848909260674,0.7379848909260674,0.7379848909260674
0.6618643695722803,0.6667632570269487,0.6887676203211007,0.6938221561018936,0.6966296439592982,0.7282135046274337,0.7282135046274337,0.7417277371360796,0.7422597935340578,0.7422597935340578,0.7695542867503388,0.7695542867503388,0.7695542867503388,0.7695542867503388,0.7695542867503388,0.7695542867503388,0.7695542867503388,0.7695542867503388,0.7695542867503388,0.7695542867503388,0.7695542867503388,0.7695542867503388,0.7695542867503388,0.7695542867503388,0.7695542867503388,0.7695542867503388,0.7695542867503388,0.7695542867503388,0.7695542867503388,0.7695542867503388,0.7695542867503388,0.7695542867503388,0.7695542867503388,0.7695542867503388,0.7695542867503388,0.7695542867503388,0.7695542867503388,0.7695542867503388,0.7695542867503388,0.7695542867503388,0.7695542867503388,0.7695542867503388,0.7695542867503388,0.7695542867503388,0.7695542867503388,0.7695542867503388,0.7695542867503388,0.7695542867503388,0.7695542867503388,0.7695542867503388,0.7695542867503388,0.7695542867503388,0.7695542867503388,0.7695542867503388,0.7695542867503388,0.7695542867503388,0.7695542867503388,0.7695542867503388,0.7695542867503388,0.7695542867503388,0.7695542867503388,0.7695542867503388,0.7695542867503388,0.7695542867503388,0.7695542867503388,0.7695542867503388,0.7695542867503388,0.7695542867503388,0.7695542867503388,0.7695542867503388,0.7695542867503388,0.7695542867503388,0.7695542867503388,0.7695542867503388,0.7695542867503388,0.7695542867503388,0.7695542867503388,0.7695542867503388,0.7695542867503388,0.7695542867503388,0.7695542867503388,0.7695542867503388,0.7695542867503388,0.7695542867503388,0.7695542867503388,0.7695542867503388,0.7695542867503388,0.7695542867503388,0.7695542867503388,0.7695542867503388,0.7695542867503388,0.7695542867503388,0.7695542867503388,0.7695542867503388,0.7695542867503388,0.7695542867503388,0.7695542867503388,0.7695542867503388,0.7695542867503388,0.7695542867503388
0.6799967803213239,0.6799967803213239,0.6799967803213239,0.6799967803213239,0.6799967803213239,0.6799967803213239,0.6799967803213239,0.6799967803213239,0.6799967803213239,0.6968221771467208,0.6968221771467208,0.6968221771467208,0.6968221771467208,0.7028539231784667,0.7028539231784667,0.7028539231784667,0.7028539231784667,0.7028539231784667,0.7028539231784667,0.7028539231784667,0.7028539231784667,0.7028539231784667,0.7028539231784667,0.7028539231784667,0.7028539231784667,0.7028539231784667,0.7028539231784667,0.7028539231784667,0.7028539231784667,0.7028539231784667,0.7028539231784667,0.7028539231784667,0.7028539231784667,0.7028539231784667,0.7028539231784667,0.7028539231784667,0.7028539231784667,0.7028539231784667,0.7028539231784667,0.7028539231784667,0.7028539231784667,0.7028539231784667,0.7028539231784667,0.7028539231784667,0.7028539231784667,0.7028539231784667,0.7028539231784667,0.7028539231784667,0.7028539231784667,0.7028539231784667,0.7028539231784667,0.7028539231784667,0.7028539231784667,0.7028539231784667,0.7028539231784667,0.7028539231784667,0.7028539231784667,0.7028539231784667,0.7028539231784667,0.7028539231784667,0.7028539231784667,0.7028539231784667,0.7028539231784667,0.7028539231784667,0.7028539231784667,0.7028539231784667,0.7028539231784667,0.7028539231784667,0.7028539231784667,0.7028539231784667,0.7028539231784667,0.7028539231784667,0.7028539231784667,0.7028539231784667,0.7028539231784667,0.7028539231784667,0.7028539231784667,0.7028539231784667,0.7028539231784667,0.7028539231784667,0.7028539231784667,0.7028539231784667,0.7028539231784667,0.7028539231784667,0.7028539231784667,0.7028539231784667,0.7028539231784667,0.7028539231784667,0.7028539231784667,0.7028539231784667,0.7028539231784667,0.7028539231784667,0.7028539231784667,0.7028539231784667,0.7028539231784667,0.7028539231784667,0.7028539231784667,0.7028539231784667,0.7028539231784667,0.7028539231784667
0.6699607095340917,0.6699607095340917,0.6699607095340917,0.7198372606235554,0.7198372606235554,0.7198372606235554,0.7198372606235554,0.73573529565571,0.73573529565571,0.73573529565571,0.73573529565571,0.73573529565571,0.73573529565571,0.73573529565571,0.73573529565571,0.73573529565571,0.73573529565571,0.73573529565571,0.73573529565571,0.73573529565571,0.73573529565571,0.73573529565571,0.73573529565571,0.73573529565571,0.73573529565571,0.73573529565571,0.73573529565571,0.73573529565571,0.73573529565571,0.73573529565571,0.73573529565571,0.73573529565571,0.73573529565571,0.73573529565571,0.73573529565571,0.73573529565571,0.73573529565571,0.73573529565571,0.73573529565571,0.73573529565571,0.73573529565571,0.73573529565571,0.73573529565571,0.73573529565571,0.73573529565571,0.73573529565571,0.73573529565571,0.73573529565571,0.73573529565571,0.73573529565571,0.73573529565571,0.73573529565571,0.73573529565571,0.73573529565571,0.73573529565571,0.73573529565571,0.73573529565571,0.73573529565571,0.73573529565571,0.73573529565571,0.73573529565571,0.73573529565571,0.73573529565571,0.73573529565571,0.73573529565571,0.73573529565571,0.73573529565571,0.73573529565571,0.73573529565571,0.73573529565571,0.73573529565571,0.73573529565571,0.73573529565571,0.73573529565571,0.73573529565571,0.73573529565571,0.73573529565571,0.73573529565571,0.73573529565571,0.73573529565571,0.73573529565571,0.73573529565571,0.73573529565571,0.73573529565571,0.73573529565571,0.73573529565571,0.73573529565571,0.73573529565571,0.73573529565571,0.73573529565571,0.73573529565571,0.73573529565571,0.73573529565571,0.73573529565571,0.73573529565571,0.73573529565571,0.73573529565571,0.73573529565571,0.73573529565571,0.73573529565571
0.6618643695722803,0.6906440528144383,0.6906440528144383,0.6972818594522447,0.6972818594522447,0.7014543663879769,0.7014543663879769,0.7072971943166944,0.7072971943166944,0.7151274302824578,0.7202294710987842,0.7202294710987842,0.7314539608947026,0.7341750493300768,0.7341750493300768,0.7341750493300768,0.7341750493300768,0.7341750493300768,0.7341750493300768,0.7341750493300768,0.7341750493300768,0.7341750493300768,0.7341750493300768,0.7341750493300768,0.7341750493300768,0.7341750493300768,0.7341750493300768,0.7341750493300768,0.7341750493300768,0.7341750493300768,0.7341750493300768,0.7341750493300768,0.7341750493300768,0.7341750493300768,0.7341750493300768,0.7341750493300768,0.7341750493300768,0.7341750493300768,0.7341750493300768,0.7341750493300768,0.7341750493300768,0.7341750493300768,0.7341750493300768,0.7341750493300768,0.7341750493300768,0.7341750493300768,0.7341750493300768,0.7341750493300768,0.7341750493300768,0.7341750493300768,0.7341750493300768,0.7341750493300768,0.7341750493300768,0.7341750493300768,0.7341750493300768,0.7341750493300768,0.7341750493300768,0.7341750493300768,0.7341750493300768,0.7341750493300768,0.7341750493300768,0.7341750493300768,0.7341750493300768,0.7341750493300768,0.7341750493300768,0.7341750493300768,0.7341750493300768,0.7341750493300768,0.7341750493300768,0.7341750493300768,0.7341750493300768,0.7341750493300768,0.7341750493300768,0.7341750493300768,0.7341750493300768,0.7341750493300768,0.7341750493300768,0.7341750493300768,0.7341750493300768,0.7341750493300768,0.7341750493300768,0.7341750493300768,0.7341750493300768,0.7341750493300768,0.7341750493300768,0.7341750493300768,0.7341750493300768,0.7341750493300768,0.7341750493300768,0.7341750493300768,0.7341750493300768,0.7341750493300768,0.7341750493300768,0.7341750493300768,0.7341750493300768,0.7341750493300768,0.7341750493300768,0.7341750493300768,0.7341750493300768,0.7341750493300768
0.6840951450822986,0.7409031905445104,0.7409031905445104,0.7409031905445104,0.7409031905445104,0.7409031905445104,0.7409031905445104,0.7409031905445104,0.7409031905445104,0.7409031905445104,0.7409031905445104,0.7409031905445104,0.7409031905445104,0.7409031905445104,0.7409031905445104,0.7409031905445104,0.7409031905445104,0.7409031905445104,0.7409031905445104,0.7409031905445104,0.7409031905445104,0.7409031905445104,0.7409031905445104,0.7409031905445104,0.7409031905445104,0.7409031905445104,0.7409031905445104,0.7409031905445104,0.7409031905445104,0.7409031905445104,0.7409031905445104,0.7409031905445104,0.7409031905445104,0.7409031905445104,0.7409031905445104,0.7409031905445104,0.7409031905445104,0.7409031905445104,0.7409031905445104,0.7409031905445104,0.7409031905445104,0.7409031905445104,0.7409031905445104,0.7409031905445104,0.7409031905445104,0.7409031905445104,0.7409031905445104,0.7409031905445104,0.7409031905445104,0.7409031905445104,0.7409031905445104,0.7409031905445104,0.7409031905445104,0.7409031905445104,0.7409031905445104,0.7409031905445104,0.7409031905445104,0.7409031905445104,0.7409031905445104,0.7409031905445104,0.7409031905445104,0.7409031905445104,0.7409031905445104,0.7409031905445104,0.7409031905445104,0.7409031905445104,0.7409031905445104,0.7409031905445104,0.7409031905445104,0.7409031905445104,0.7409031905445104,0.7409031905445104,0.7409031905445104,0.7409031905445104,0.7409031905445104,0.7409031905445104,0.7409031905445104,0.7409031905445104,0.7409031905445104,0.7409031905445104,0.7409031905445104,0.7409031905445104,0.7409031905445104,0.7409031905445104,0.7409031905445104,0.7409031905445104,0.7409031905445104,0.7409031905445104,0.7409031905445104,0.7409031905445104,0.7409031905445104,0.7409031905445104,0.7409031905445104,0.7409031905445104,0.7409031905445104,0.7409031905445104,0.7409031905445104,0.7409031905445104,0.7409031905445104,0.7409031905445104
0.6618643695722803,0.6784706657704133,0.7084026385595289,0.7084026385595289,0.7123067557331462,0.7237573518734258,0.7237573518734258,0.7237573518734258,0.7237573518734258,0.7237573518734258,0.7237573518734258,0.7237573518734258,0.7237573518734258,0.7237573518734258,0.7237573518734258,0.7237573518734258,0.7237573518734258,0.7237573518734258,0.7237573518734258,0.7237573518734258,0.7237573518734258,0.7237573518734258,0.7237573518734258,0.7237573518734258,0.7237573518734258,0.7237573518734258,0.7237573518734258,0.7237573518734258,0.7237573518734258,0.7237573518734258,0.7237573518734258,0.7237573518734258,0.7237573518734258,0.7237573518734258,0.7237573518734258,0.7237573518734258,0.7237573518734258,0.7237573518734258,0.7237573518734258,0.7237573518734258,0.7237573518734258,0.7237573518734258,0.7237573518734258,0.7237573518734258,0.7237573518734258,0.7310846474296059,0.7310846474296059,0.7310846474296059,0.7310846474296059,0.7310846474296059,0.7310846474296059,0.7310846474296059,0.7310846474296059,0.7310846474296059,0.7310846474296059,0.7310846474296059,0.7310846474296059,0.7310846474296059,0.7310846474296059,0.7310846474296059,0.7310846474296059,0.7310846474296059,0.7310846474296059,0.7310846474296059,0.7310846474296059,0.7310846474296059,0.7310846474296059,0.7310846474296059,0.7310846474296059,0.7310846474296059,0.7310846474296059,0.7310846474296059,0.7310846474296059,0.7310846474296059,0.7310846474296059,0.7310846474296059,0.7310846474296059,0.7310846474296059,0.7310846474296059,0.7310846474296059,0.7310846474296059,0.7310846474296059,0.7310846474296059,0.7310846474296059,0.7310846474296059,0.7310846474296059,0.7310846474296059,0.7310846474296059,0.7310846474296059,0.7310846474296059,0.7310846474296059,0.7310846474296059,0.7310846474296059,0.7310846474296059,0.7310846474296059,0.7310846474296059,0.7310846474296059,0.7310846474296059,0.7310846474296059,0.7310846474296059
0.688404009980534,0.7014612310441417,0.7014612310441417,0.7014612310441417,0.7014612310441417,0.7014612310441417,0.7014612310441417,0.7014612310441417,0.7014612310441417,0.7014612310441417,0.7014612310441417,0.7014612310441417,0.7014612310441417,0.7014612310441417,0.7014612310441417,0.7014612310441417,0.7014612310441417,0.7014612310441417,0.7014612310441417,0.7014612310441417,0.7014612310441417,0.7014612310441417,0.7014612310441417,0.7014612310441417,0.7014612310441417,0.7014612310441417,0.7014612310441417,0.7014612310441417,0.7014612310441417,0.7014612310441417,0.7014612310441417,0.7014612310441417,0.7014612310441417,0.7014612310441417,0.7014612310441417,0.7014612310441417,0.7014612310441417,0.7014612310441417,0.7014612310441417,0.7014612310441417,0.7014612310441417,0.7014612310441417,0.7014612310441417,0.7014612310441417,0.7014612310441417,0.7014612310441417,0.7014612310441417,0.7014612310441417,0.7014612310441417,0.7014612310441417,0.7014612310441417,0.7014612310441417,0.7014612310441417,0.7014612310441417,0.7014612310441417,0.7014612310441417,0.7014612310441417,0.7014612310441417,0.7014612310441417,0.7014612310441417,0.7014612310441417,0.7014612310441417,0.7014612310441417,0.7014612310441417,0.7014612310441417,0.7014612310441417,0.7014612310441417,0.7014612310441417,0.7014612310441417,0.7014612310441417,0.7014612310441417,0.7014612310441417,0.7014612310441417,0.7014612310441417,0.7014612310441417,0.7014612310441417,0.7014612310441417,0.7014612310441417,0.7014612310441417,0.7014612310441417,0.7014612310441417,0.7014612310441417,0.7014612310441417,0.7014612310441417,0.7014612310441417,0.7014612310441417,0.7014612310441417,0.7014612310441417,0.7014612310441417,0.7014612310441417,0.7014612310441417,0.7014612310441417,0.7014612310441417,0.7014612310441417,0.7014612310441417,0.7014612310441417,0.7014612310441417,0.7014612310441417,0.7014612310441417,0.7014612310441417
0.6686503766442181,0.6957301242058934,0.7081225510561516,0.7081225510561516,0.7081225510561516,0.7504529855149372,0.7504529855149372,0.7504529855149372,0.7504529855149372,0.7504529855149372,0.7504529855149372,0.7504529855149372,0.7504529855149372,0.7504529855149372,0.7504529855149372,0.7504529855149372,0.7504529855149372,0.7504529855149372,0.7504529855149372,0.7504529855149372,0.7504529855149372,0.7504529855149372,0.7504529855149372,0.7504529855149372,0.7504529855149372,0.7504529855149372,0.7504529855149372,0.7504529855149372,0.7504529855149372,0.7504529855149372,0.7504529855149372,0.7504529855149372,0.7504529855149372,0.7504529855149372,0.7504529855149372,0.7504529855149372,0.7504529855149372,0.7504529855149372,0.7504529855149372,0.7504529855149372,0.7504529855149372,0.7504529855149372,0.7504529855149372,0.7504529855149372,0.7504529855149372,0.7504529855149372,0.7504529855149372,0.7504529855149372,0.7504529855149372,0.7504529855149372,0.7504529855149372,0.7504529855149372,0.7504529855149372,0.7504529855149372,0.7504529855149372,0.7504529855149372,0.7504529855149372,0.7504529855149372,0.7504529855149372,0.7504529855149372,0.7504529855149372,0.7504529855149372,0.7504529855149372,0.7504529855149372,0.7504529855149372,0.7504529855149372,0.7504529855149372,0.7504529855149372,0.7504529855149372,0.7504529855149372,0.7504529855149372,0.7504529855149372,0.7504529855149372,0.7504529855149372,0.7504529855149372,0.7504529855149372,0.7504529855149372,0.7504529855149372,0.7504529855149372,0.7504529855149372,0.7504529855149372,0.7504529855149372,0.7504529855149372,0.7504529855149372,0.7504529855149372,0.7504529855149372,0.7504529855149372,0.7504529855149372,0.7504529855149372,0.7504529855149372,0.7504529855149372,0.7504529855149372,0.7504529855149372,0.7504529855149372,0.7504529855149372,0.7504529855149372,0.7504529855149372,0.7504529855149372,0.7504529855149372,0.7504529855149372
0.6627721715416598,0.6627721715416598,0.671274869586807,0.7285714285714285,0.7285714285714285,0.7285714285714285,0.7545837492084956,0.7545837492084956,0.7545837492084956,0.7545837492084956,0.7545837492084956,0.7545837492084956,0.7545837492084956,0.7545837492084956,0.7545837492084956,0.7545837492084956,0.7545837492084956,0.7545837492084956,0.7545837492084956,0.7545837492084956,0.7545837492084956,0.7545837492084956,0.7545837492084956,0.7545837492084956,0.7545837492084956,0.7545837492084956,0.7545837492084956,0.7545837492084956,0.7545837492084956,0.7545837492084956,0.7545837492084956,0.7545837492084956,0.7545837492084956,0.7545837492084956,0.7545837492084956,0.7545837492084956,0.7545837492084956,0.7545837492084956,0.7545837492084956,0.7545837492084956,0.7545837492084956,0.7545837492084956,0.7545837492084956,0.7545837492084956,0.7545837492084956,0.7545837492084956,0.7545837492084956,0.7545837492084956,0.7545837492084956,0.7545837492084956,0.7545837492084956,0.7545837492084956,0.7545837492084956,0.7545837492084956,0.7592133788381252,0.7592133788381252,0.7730361301608766,0.7730361301608766,0.7730361301608766,0.7730361301608766,0.7730361301608766,0.7730361301608766,0.7730361301608766,0.7730361301608766,0.7730361301608766,0.7730361301608766,0.7730361301608766,0.7730361301608766,0.7730361301608766,0.7730361301608766,0.7730361301608766,0.7730361301608766,0.7730361301608766,0.7730361301608766,0.7730361301608766,0.7730361301608766,0.7730361301608766,0.7730361301608766,0.7730361301608766,0.7730361301608766,0.7730361301608766,0.7730361301608766,0.7730361301608766,0.7730361301608766,0.7730361301608766,0.7730361301608766,0.7730361301608766,0.7730361301608766,0.7730361301608766,0.7730361301608766,0.7730361301608766,0.7730361301608766,0.7730361301608766,0.7730361301608766,0.7730361301608766,0.7730361301608766,0.7730361301608766,0.7730361301608766,0.7730361301608766,0.7730361301608766
0.6618643695722803,0.698958929283473,0.698958929283473,0.698958929283473,0.7195969457632744,0.7195969457632744,0.7544565306228591,0.7544565306228591,0.7544565306228591,0.7544565306228591,0.7544565306228591,0.763308789475118,0.763308789475118,0.763308789475118,0.763308789475118,0.763308789475118,0.763308789475118,0.763308789475118,0.763308789475118,0.763308789475118,0.763308789475118,0.763308789475118,0.763308789475118,0.763308789475118,0.763308789475118,0.763308789475118,0.763308789475118,0.763308789475118,0.763308789475118,0.763308789475118,0.763308789475118,0.763308789475118,0.763308789475118,0.763308789475118,0.763308789475118,0.763308789475118,0.763308789475118,0.763308789475118,0.763308789475118,0.763308789475118,0.763308789475118,0.763308789475118,0.763308789475118,0.763308789475118,0.763308789475118,0.763308789475118,0.763308789475118,0.763308789475118,0.763308789475118,0.763308789475118,0.763308789475118,0.763308789475118,0.763308789475118,0.763308789475118,0.763308789475118,0.763308789475118,0.763308789475118,0.763308789475118,0.763308789475118,0.763308789475118,0.763308789475118,0.763308789475118,0.763308789475118,0.763308789475118,0.763308789475118,0.763308789475118,0.763308789475118,0.763308789475118,0.763308789475118,0.763308789475118,0.763308789475118,0.763308789475118,0.763308789475118,0.763308789475118,0.763308789475118,0.763308789475118,0.763308789475118,0.763308789475118,0.763308789475118,0.763308789475118,0.763308789475118,0.763308789475118,0.763308789475118,0.763308789475118,0.763308789475118,0.763308789475118,0.763308789475118,0.763308789475118,0.763308789475118,0.763308789475118,0.763308789475118,0.763308789475118,0.763308789475118,0.763308789475118,0.763308789475118,0.763308789475118,0.763308789475118,0.763308789475118,0.763308789475118,0.763308789475118
0.696428226462999,0.696428226462999,0.6999331066759537,0.7100808139347693,0.7100808139347693,0.7291693171861685,0.7291693171861685,0.7291693171861685,0.7291693171861685,0.7291693171861685,0.7291693171861685,0.7291693171861685,0.7291693171861685,0.7291693171861685,0.7291693171861685,0.7291693171861685,0.7291693171861685,0.7291693171861685,0.7291693171861685,0.7291693171861685,0.7291693171861685,0.7291693171861685,0.7291693171861685,0.7291693171861685,0.7291693171861685,0.7291693171861685,0.7291693171861685,0.7291693171861685,0.7291693171861685,0.7291693171861685,0.7291693171861685,0.7291693171861685,0.7291693171861685,0.7291693171861685,0.7291693171861685,0.7291693171861685,0.7291693171861685,0.7291693171861685,0.7291693171861685,0.7291693171861685,0.7291693171861685,0.7291693171861685,0.7291693171861685,0.7291693171861685,0.7291693171861685,0.7291693171861685,0.7291693171861685,0.7291693171861685,0.7291693171861685,0.7291693171861685,0.7291693171861685,0.7291693171861685,0.7291693171861685,0.7291693171861685,0.7291693171861685,0.7291693171861685,0.7291693171861685,0.7291693171861685,0.7291693171861685,0.7291693171861685,0.7291693171861685,0.7291693171861685,0.7291693171861685,0.7291693171861685,0.7291693171861685,0.7291693171861685,0.7291693171861685,0.7291693171861685,0.7291693171861685,0.7291693171861685,0.7291693171861685,0.7291693171861685,0.7291693171861685,0.7291693171861685,0.7291693171861685,0.7291693171861685,0.7291693171861685,0.7291693171861685,0.7291693171861685,0.7291693171861685,0.7291693171861685,0.7291693171861685,0.7291693171861685,0.7291693171861685,0.7291693171861685,0.7291693171861685,0.7291693171861685,0.7291693171861685,0.7291693171861685,0.7291693171861685,0.7291693171861685,0.7291693171861685,0.7291693171861685,0.7291693171861685,0.7291693171861685,0.7291693171861685,0.7291693171861685,0.7291693171861685,0.7291693171861685,0.7291693171861685
0.6717157822830003,0.6803096835551198,0.7181893613282454,0.7181893613282454,0.7181893613282454,0.7181893613282454,0.7181893613282454,0.7181893613282454,0.7181893613282454,0.7181893613282454,0.7181893613282454,0.7181893613282454,0.7181893613282454,0.7181893613282454,0.7181893613282454,0.7181893613282454,0.7181893613282454,0.7181893613282454,0.7181893613282454,0.7181893613282454,0.7181893613282454,0.7181893613282454,0.7181893613282454,0.7181893613282454,0.7181893613282454,0.7181893613282454,0.7181893613282454,0.7181893613282454,0.7181893613282454,0.7181893613282454,0.7181893613282454,0.7181893613282454,0.7181893613282454,0.7181893613282454,0.7181893613282454,0.7181893613282454,0.7181893613282454,0.7181893613282454,0.7181893613282454,0.7211973946204987,0.7211973946204987,0.7239469614185516,0.7239469614185516,0.7239469614185516,0.7239469614185516,0.7239469614185516,0.7239469614185516,0.7239469614185516,0.7239469614185516,0.7239469614185516,0.7239469614185516,0.7239469614185516,0.7239469614185516,0.7239469614185516,0.7239469614185516,0.7239469614185516,0.7239469614185516,0.7239469614185516,0.7239469614185516,0.7239469614185516,0.7239469614185516,0.7239469614185516,0.7239469614185516,0.7239469614185516,0.7239469614185516,0.7239469614185516,0.7239469614185516,0.7239469614185516,0.7239469614185516,0.7239469614185516,0.7239469614185516,0.7239469614185516,0.7239469614185516,0.7239469614185516,0.7239469614185516,0.7239469614185516,0.7239469614185516,0.7239469614185516,0.7239469614185516,0.7239469614185516,0.7239469614185516,0.7239469614185516,0.7239469614185516,0.7239469614185516,0.7239469614185516,0.7239469614185516,0.7239469614185516,0.7239469614185516,0.7239469614185516,0.7239469614185516,0.7239469614185516,0.7239469614185516,0.7239469614185516,0.7239469614185516,0.7239469614185516,0.7239469614185516,0.7239469614185516,0.7239469614185516,0.7239469614185516,0.7239469614185516
0.6623828467500339,0.6645289370333606,0.6655691952852195,0.6871775505001322,0.6871775505001322,0.6871775505001322,0.6871775505001322,0.6871775505001322,0.6871775505001322,0.6871775505001322,0.6871775505001322,0.6871775505001322,0.6871775505001322,0.6871775505001322,0.6871775505001322,0.6871775505001322,0.6871775505001322,0.6871775505001322,0.6871775505001322,0.6871775505001322,0.6871775505001322,0.6871775505001322,0.6871775505001322,0.6871775505001322,0.6871775505001322,0.6871775505001322,0.6871775505001322,0.6871775505001322,0.6871775505001322,0.6871775505001322,0.6871775505001322,0.6871775505001322,0.6871775505001322,0.6871775505001322,0.6871775505001322,0.6871775505001322,0.6871775505001322,0.6871775505001322,0.6871775505001322,0.6871775505001322,0.6871775505001322,0.6871775505001322,0.6871775505001322,0.6871775505001322,0.6871775505001322,0.6871775505001322,0.6871775505001322,0.6871775505001322,0.6871775505001322,0.6871775505001322,0.6871775505001322,0.6871775505001322,0.6871775505001322,0.6871775505001322,0.6871775505001322,0.6871775505001322,0.6871775505001322,0.6871775505001322,0.6871775505001322,0.6871775505001322,0.6871775505001322,0.6871775505001322,0.6871775505001322,0.6871775505001322,0.6871775505001322,0.6871775505001322,0.6871775505001322,0.6871775505001322,0.6871775505001322,0.6871775505001322,0.6871775505001322,0.6871775505001322,0.6871775505001322,0.6871775505001322,0.6871775505001322,0.6871775505001322,0.6871775505001322,0.6871775505001322,0.6871775505001322,0.6871775505001322,0.6871775505001322,0.6871775505001322,0.6871775505001322,0.6871775505001322,0.6871775505001322,0.6871775505001322,0.6871775505001322,0.6871775505001322,0.6871775505001322,0.6871775505001322,0.6871775505001322,0.6871775505001322,0.6871775505001322,0.6871775505001322,0.6871775505001322,0.6871775505001322,0.6871775505001322,0.6871775505001322,0.6871775505001322,0.6871775505001322
0.6695967819830936,0.694727410744285,0.694727410744285,0.694727410744285,0.7031663268226689,0.7465467907593144,0.7465467907593144,0.752691184000482,0.752691184000482,0.752691184000482,0.752691184000482,0.752691184000482,0.752691184000482,0.752691184000482,0.752691184000482,0.752691184000482,0.752691184000482,0.752691184000482,0.752691184000482,0.752691184000482,0.752691184000482,0.752691184000482,0.752691184000482,0.752691184000482,0.752691184000482,0.752691184000482,0.752691184000482,0.752691184000482,0.752691184000482,0.752691184000482,0.752691184000482,0.752691184000482,0.752691184000482,0.752691184000482,0.752691184000482,0.752691184000482,0.752691184000482,0.752691184000482,0.752691184000482,0.752691184000482,0.752691184000482,0.752691184000482,0.752691184000482,0.752691184000482,0.752691184000482,0.752691184000482,0.752691184000482,0.752691184000482,0.752691184000482,0.752691184000482,0.752691184000482,0.752691184000482,0.752691184000482,0.752691184000482,0.752691184000482,0.752691184000482,0.752691184000482,0.752691184000482,0.752691184000482,0.752691184000482,0.752691184000482,0.752691184000482,0.752691184000482,0.752691184000482,0.752691184000482,0.752691184000482,0.752691184000482,0.752691184000482,0.752691184000482,0.752691184000482,0.752691184000482,0.752691184000482,0.752691184000482,0.752691184000482,0.752691184000482,0.752691184000482,0.752691184000482,0.752691184000482,0.752691184000482,0.752691184000482,0.752691184000482,0.752691184000482,0.752691184000482,0.752691184000482,0.752691184000482,0.752691184000482,0.752691184000482,0.752691184000482,0.752691184000482,0.752691184000482,0.752691184000482,0.752691184000482,0.752691184000482,0.752691184000482,0.752691184000482,0.752691184000482,0.752691184000482,0.752691184000482,0.752691184000482,0.752691184000482
0.6618643695722803,0.7053889991009666,0.7053889991009666,0.7053889991009666,0.7138222269053912,0.7138222269053912,0.7231796495281199,0.7231796495281199,0.7231796495281199,0.7267429796220622,0.7267429796220622,0.7267429796220622,0.7267429796220622,0.7267429796220622,0.7267429796220622,0.7267429796220622,0.7267429796220622,0.7267429796220622,0.7267429796220622,0.7267429796220622,0.7267429796220622,0.7267429796220622,0.7267429796220622,0.7267429796220622,0.7267429796220622,0.7267429796220622,0.7267429796220622,0.7267429796220622,0.7267429796220622,0.7267429796220622,0.7267429796220622,0.7267429796220622,0.7267429796220622,0.7267429796220622,0.7267429796220622,0.7267429796220622,0.7267429796220622,0.7267429796220622,0.7267429796220622,0.7267429796220622,0.7267429796220622,0.7267429796220622,0.7267429796220622,0.7267429796220622,0.7267429796220622,0.7267429796220622,0.7267429796220622,0.7267429796220622,0.7267429796220622,0.7267429796220622,0.7267429796220622,0.7267429796220622,0.7267429796220622,0.7267429796220622,0.7267429796220622,0.7267429796220622,0.7267429796220622,0.7267429796220622,0.7267429796220622,0.7267429796220622,0.7267429796220622,0.7267429796220622,0.7267429796220622,0.7267429796220622,0.7267429796220622,0.7267429796220622,0.7267429796220622,0.7267429796220622,0.7267429796220622,0.7267429796220622,0.7267429796220622,0.7267429796220622,0.7267429796220622,0.7267429796220622,0.7267429796220622,0.7267429796220622,0.7267429796220622,0.7267429796220622,0.7267429796220622,0.7267429796220622,0.7267429796220622,0.7267429796220622,0.7267429796220622,0.7267429796220622,0.7267429796220622,0.7267429796220622,0.7267429796220622,0.7267429796220622,0.7267429796220622,0.7267429796220622,0.7267429796220622,0.7267429796220622,0.7267429796220622,0.7267429796220622,0.7267429796220622,0.7267429796220622,0.7267429796220622,0.7267429796220622,0.7267429796220622,0.7267429796220622
0.682526227166111,0.7371528104276649,0.7371528104276649,0.7371528104276649,0.7371528104276649,0.7371528104276649,0.7371528104276649,0.7371528104276649,0.7371528104276649,0.7371528104276649,0.7371528104276649,0.7371528104276649,0.7371528104276649,0.7371528104276649,0.7371528104276649,0.7371528104276649,0.7371528104276649,0.7371528104276649,0.7371528104276649,0.7371528104276649,0.7371528104276649,0.7371528104276649,0.7371528104276649,0.7371528104276649,0.7371528104276649,0.7371528104276649,0.7371528104276649,0.7371528104276649,0.7371528104276649,0.7371528104276649,0.7371528104276649,0.7371528104276649,0.7371528104276649,0.7371528104276649,0.7371528104276649,0.7371528104276649,0.7371528104276649,0.7371528104276649,0.7371528104276649,0.7371528104276649,0.7371528104276649,0.7371528104276649,0.7371528104276649,0.7371528104276649,0.7371528104276649,0.7371528104276649,0.7371528104276649,0.7371528104276649,0.7371528104276649,0.7371528104276649,0.7371528104276649,0.7371528104276649,0.7371528104276649,0.7371528104276649,0.7371528104276649,0.7371528104276649,0.7371528104276649,0.7371528104276649,0.7371528104276649,0.7371528104276649,0.7371528104276649,0.7371528104276649,0.7371528104276649,0.7371528104276649,0.7371528104276649,0.7371528104276649,0.7371528104276649,0.7371528104276649,0.7371528104276649,0.7371528104276649,0.7371528104276649,0.7371528104276649,0.7371528104276649,0.7371528104276649,0.7371528104276649,0.7371528104276649,0.7371528104276649,0.7371528104276649,0.7371528104276649,0.7371528104276649,0.7371528104276649,0.7371528104276649,0.7371528104276649,0.7371528104276649,0.7371528104276649,0.7371528104276649,0.7371528104276649,0.7371528104276649,0.7371528104276649,0.7371528104276649,0.7371528104276649,0.7371528104276649,0.7371528104276649,0.7371528104276649,0.7371528104276649,0.7371528104276649,0.7371528104276649,0.7371528104276649,0.7371528104276649,0.7371528104276649
0.6799961363855886,0.6904941086879529,0.6904941086879529,0.6935996987500648,0.6942898298749783,0.7031235082738743,0.7031235082738743,0.703261534498857,0.7107149506479252,0.7123592227911762,0.7123592227911762,0.7374920382945781,0.7374920382945781,0.7374920382945781,0.7374920382945781,0.7374920382945781,0.7374920382945781,0.7374920382945781,0.7374920382945781,0.7374920382945781,0.7374920382945781,0.7374920382945781,0.7374920382945781,0.7374920382945781,0.7374920382945781,0.7374920382945781,0.7374920382945781,0.7374920382945781,0.7374920382945781,0.7374920382945781,0.7374920382945781,0.7374920382945781,0.7374920382945781,0.7374920382945781,0.7374920382945781,0.7374920382945781,0.7374920382945781,0.7374920382945781,0.7374920382945781,0.7374920382945781,0.7374920382945781,0.7374920382945781,0.7374920382945781,0.7374920382945781,0.7374920382945781,0.7374920382945781,0.7374920382945781,0.7374920382945781,0.7374920382945781,0.7374920382945781,0.7374920382945781,0.7374920382945781,0.7374920382945781,0.7374920382945781,0.7374920382945781,0.7374920382945781,0.7374920382945781,0.7374920382945781,0.7374920382945781,0.7374920382945781,0.7374920382945781,0.7374920382945781,0.7374920382945781,0.7374920382945781,0.7374920382945781,0.7374920382945781,0.7374920382945781,0.7374920382945781,0.7374920382945781,0.7374920382945781,0.7374920382945781,0.7374920382945781,0.7374920382945781,0.7374920382945781,0.7374920382945781,0.7374920382945781,0.7374920382945781,0.7374920382945781,0.7374920382945781,0.7374920382945781,0.7374920382945781,0.7374920382945781,0.7374920382945781,0.7374920382945781,0.7374920382945781,0.7374920382945781,0.7374920382945781,0.7374920382945781,0.7374920382945781,0.7374920382945781,0.7374920382945781,0.7374920382945781,0.7374920382945781,0.7374920382945781,0.7374920382945781,0.7374920382945781,0.7374920382945781,0.7374920382945781,0.7374920382945781,0.7374920382945781
0.6666448606610879,0.6928167505246613,0.6928167505246613,0.6928167505246613,0.6928167505246613,0.6928167505246613,0.6928167505246613,0.6928167505246613,0.6928167505246613,0.6928167505246613,0.6928167505246613,0.6928167505246613,0.6928167505246613,0.6928167505246613,0.6928167505246613,0.6928167505246613,0.6928167505246613,0.6928167505246613,0.6928167505246613,0.6928167505246613,0.6928167505246613,0.6928167505246613,0.6928167505246613,0.6928167505246613,0.6928167505246613,0.6928167505246613,0.6928167505246613,0.6928167505246613,0.6928167505246613,0.6928167505246613,0.6928167505246613,0.6928167505246613,0.6928167505246613,0.6928167505246613,0.6928167505246613,0.6928167505246613,0.6928167505246613,0.6928167505246613,0.6928167505246613,0.6928167505246613,0.6928167505246613,0.6928167505246613,0.6928167505246613,0.6928167505246613,0.6928167505246613,0.6928167505246613,0.6928167505246613,0.6928167505246613,0.6928167505246613,0.6928167505246613,0.6928167505246613,0.6928167505246613,0.6928167505246613,0.6928167505246613,0.6928167505246613,0.6928167505246613,0.6928167505246613,0.6928167505246613,0.6928167505246613,0.6928167505246613,0.6928167505246613,0.6928167505246613,0.6928167505246613,0.6928167505246613,0.6928167505246613,0.6928167505246613,0.6928167505246613,0.6928167505246613,0.6928167505246613,0.6928167505246613,0.6928167505246613,0.6928167505246613,0.6928167505246613,0.6928167505246613,0.6928167505246613,0.6928167505246613,0.6928167505246613,0.6928167505246613,0.6928167505246613,0.6928167505246613,0.6928167505246613,0.6928167505246613,0.6928167505246613,0.6928167505246613,0.6928167505246613,0.6928167505246613,0.6928167505246613,0.6928167505246613,0.6928167505246613,0.6928167505246613,0.6928167505246613,0.6928167505246613,0.6928167505246613,0.6928167505246613,0.6928167505246613,0.6928167505246613,0.6928167505246613,0.6928167505246613,0.6928167505246613,0.6928167505246613
0.6950801846339371,0.6950801846339371,0.6950801846339371,0.6950801846339371,0.6950801846339371,0.6950801846339371,0.6950801846339371,0.6950801846339371,0.6950801846339371,0.6950801846339371,0.6950801846339371,0.6950801846339371,0.6950801846339371,0.6950801846339371,0.6950801846339371,0.6950801846339371,0.6950801846339371,0.6950801846339371,0.6950801846339371,0.6950801846339371,0.6950801846339371,0.6950801846339371,0.6950801846339371,0.6950801846339371,0.6950801846339371,0.6950801846339371,0.6950801846339371,0.6950801846339371,0.6950801846339371,0.6950801846339371,0.6950801846339371,0.6950801846339371,0.6950801846339371,0.6950801846339371,0.6950801846339371,0.6950801846339371,0.6950801846339371,0.6950801846339371,0.6950801846339371,0.6950801846339371,0.6950801846339371,0.6950801846339371,0.6950801846339371,0.6950801846339371,0.6950801846339371,0.6950801846339371,0.6950801846339371,0.6950801846339371,0.6950801846339371,0.6950801846339371,0.6950801846339371,0.6950801846339371,0.6950801846339371,0.6950801846339371,0.6950801846339371,0.6950801846339371,0.6950801846339371,0.6950801846339371,0.6950801846339371,0.6950801846339371,0.6950801846339371,0.6950801846339371,0.6950801846339371,0.6950801846339371,0.6950801846339371,0.6950801846339371,0.6950801846339371,0.6950801846339371,0.6950801846339371,0.6950801846339371,0.6950801846339371,0.6950801846339371,0.6950801846339371,0.6950801846339371,0.6950801846339371,0.6950801846339371,0.6950801846339371,0.6950801846339371,0.6950801846339371,0.6950801846339371,0.6950801846339371,0.6950801846339371,0.6950801846339371,0.6950801846339371,0.6950801846339371,0.6950801846339371,0.6996256391793917,0.6996256391793917,0.7051811947349472,0.7051811947349472,0.7051811947349472,0.7051811947349472,0.7051811947349472,0.7051811947349472,0.7051811947349472,0.7051811947349472,0.7051811947349472,0.7051811947349472,0.7051811947349472,0.7051811947349472
0.6618643695722803,0.6887041964121071,0.6908599071812632,0.6908599071812632,0.6908599071812632,0.6908599071812632,0.6908599071812632,0.7064071164601882,0.7064071164601882,0.7064071164601882,0.7091705647776352,0.7258789722785665,0.7288268180835553,0.7288268180835553,0.7288268180835553,0.7288268180835553,0.7288268180835553,0.7288268180835553,0.7288268180835553,0.7288268180835553,0.7288268180835553,0.7288268180835553,0.7288268180835553,0.7288268180835553,0.7288268180835553,0.7288268180835553,0.7288268180835553,0.7288268180835553,0.7288268180835553,0.7288268180835553,0.7288268180835553,0.7288268180835553,0.7288268180835553,0.7288268180835553,0.7288268180835553,0.7288268180835553,0.7288268180835553,0.7288268180835553,0.7288268180835553,0.7288268180835553,0.7288268180835553,0.7288268180835553,0.7288268180835553,0.7288268180835553,0.7288268180835553,0.7288268180835553,0.7288268180835553,0.7288268180835553,0.7288268180835553,0.7288268180835553,0.7288268180835553,0.7288268180835553,0.7288268180835553,0.7288268180835553,0.7288268180835553,0.7288268180835553,0.7288268180835553,0.7288268180835553,0.7288268180835553,0.7288268180835553,0.7288268180835553,0.7288268180835553,0.7288268180835553,0.7288268180835553,0.7288268180835553,0.7288268180835553,0.7288268180835553,0.7288268180835553,0.7288268180835553,0.7288268180835553,0.7288268180835553,0.7288268180835553,0.7288268180835553,0.7288268180835553,0.7288268180835553,0.7288268180835553,0.7288268180835553,0.7288268180835553,0.7288268180835553,0.7288268180835553,0.7288268180835553,0.7288268180835553,0.7288268180835553,0.7288268180835553,0.7288268180835553,0.7288268180835553,0.7288268180835553,0.7288268180835553,0.7288268180835553,0.7288268180835553,0.7288268180835553,0.7288268180835553,0.7288268180835553,0.7288268180835553,0.7288268180835553,0.7288268180835553,0.7288268180835553,0.7288268180835553,0.7288268180835553,0.7288268180835553
0.6803292688943601,0.6803292688943601,0.6847567061587742,0.7173879617084485,0.7173879617084485,0.7173879617084485,0.726911771232258,0.7467080960995768,0.7467080960995768,0.7467080960995768,0.7467080960995768,0.7467080960995768,0.7467080960995768,0.7550736044650851,0.7550736044650851,0.7550736044650851,0.7550736044650851,0.7550736044650851,0.7550736044650851,0.7550736044650851,0.7550736044650851,0.7550736044650851,0.7550736044650851,0.7550736044650851,0.7550736044650851,0.7550736044650851,0.7550736044650851,0.7550736044650851,0.7550736044650851,0.7550736044650851,0.7550736044650851,0.7550736044650851,0.7550736044650851,0.7550736044650851,0.7550736044650851,0.7550736044650851,0.7550736044650851,0.7550736044650851,0.7550736044650851,0.7550736044650851,0.7550736044650851,0.7550736044650851,0.7550736044650851,0.7550736044650851,0.7550736044650851,0.7550736044650851,0.7550736044650851,0.7550736044650851,0.7550736044650851,0.7550736044650851,0.7550736044650851,0.7550736044650851,0.7550736044650851,0.7550736044650851,0.7550736044650851,0.7550736044650851,0.7550736044650851,0.7550736044650851,0.7550736044650851,0.7550736044650851,0.7550736044650851,0.7550736044650851,0.7550736044650851,0.7550736044650851,0.7550736044650851,0.7550736044650851,0.7550736044650851,0.7550736044650851,0.7550736044650851,0.7550736044650851,0.7550736044650851,0.7550736044650851,0.7550736044650851,0.7550736044650851,0.7550736044650851,0.7550736044650851,0.7550736044650851,0.7550736044650851,0.7550736044650851,0.7550736044650851,0.7550736044650851,0.7550736044650851,0.7550736044650851,0.7550736044650851,0.7550736044650851,0.7550736044650851,0.7550736044650851,0.7550736044650851,0.7550736044650851,0.7550736044650851,0.7550736044650851,0.7550736044650851,0.7550736044650851,0.7550736044650851,0.7550736044650851,0.7550736044650851,0.7550736044650851,0.7550736044650851,0.7550736044650851,0.7550736044650851
0.6618643695722803,0.6863841866001129,0.6863841866001129,0.7074031880111514,0.7097387230754371,0.724492730555068,0.7335470565108023,0.7335470565108023,0.7642627740751472,0.7642627740751472,0.7722984883608616,0.7722984883608616,0.7722984883608616,0.7722984883608616,0.7722984883608616,0.7722984883608616,0.7722984883608616,0.7722984883608616,0.7722984883608616,0.7722984883608616,0.7722984883608616,0.7722984883608616,0.7722984883608616,0.7722984883608616,0.7722984883608616,0.7722984883608616,0.7722984883608616,0.7722984883608616,0.7722984883608616,0.7722984883608616,0.7722984883608616,0.7722984883608616,0.7722984883608616,0.7722984883608616,0.7722984883608616,0.7722984883608616,0.7722984883608616,0.7722984883608616,0.7722984883608616,0.7722984883608616,0.7722984883608616,0.7722984883608616,0.7722984883608616,0.7722984883608616,0.7722984883608616,0.7722984883608616,0.7722984883608616,0.7722984883608616,0.7722984883608616,0.7722984883608616,0.7722984883608616,0.7722984883608616,0.7722984883608616,0.7722984883608616,0.7722984883608616,0.7722984883608616,0.7722984883608616,0.7722984883608616,0.7722984883608616,0.7722984883608616,0.7722984883608616,0.7722984883608616,0.7722984883608616,0.7722984883608616,0.7722984883608616,0.7722984883608616,0.7722984883608616,0.7722984883608616,0.7722984883608616,0.7722984883608616,0.7722984883608616,0.7722984883608616,0.7722984883608616,0.7722984883608616,0.7722984883608616,0.7722984883608616,0.7722984883608616,0.7722984883608616,0.7722984883608616,0.7722984883608616,0.7722984883608616,0.7722984883608616,0.7722984883608616,0.7722984883608616,0.7722984883608616,0.7722984883608616,0.7722984883608616,0.7722984883608616,0.7722984883608616,0.7722984883608616,0.7722984883608616,0.7722984883608616,0.7722984883608616,0.7722984883608616,0.7722984883608616,0.7722984883608616,0.7722984883608616,0.7722984883608616,0.7722984883608616,0.7722984883608616
0.6665749058243987,0.6729340011866816,0.7071761038248382,0.7071761038248382,0.7602457663097316,0.7602457663097316,0.7602457663097316,0.7602457663097316,0.7811206278822675,0.7811206278822675,0.7811206278822675,0.785661048701758,0.785661048701758,0.785661048701758,0.7939666965422898,0.7939666965422898,0.7939666965422898,0.7939666965422898,0.7939666965422898,0.7939666965422898,0.7939666965422898,0.7939666965422898,0.7939666965422898,0.7939666965422898,0.7939666965422898,0.7939666965422898,0.7939666965422898,0.7939666965422898,0.7939666965422898,0.7939666965422898,0.7939666965422898,0.7939666965422898,0.7939666965422898,0.7939666965422898,0.7939666965422898,0.7939666965422898,0.7939666965422898,0.7939666965422898,0.7939666965422898,0.7939666965422898,0.7939666965422898,0.7939666965422898,0.7939666965422898,0.7939666965422898,0.7939666965422898,0.7939666965422898,0.7939666965422898,0.7939666965422898,0.7939666965422898,0.7939666965422898,0.7939666965422898,0.7939666965422898,0.7939666965422898,0.7939666965422898,0.7939666965422898,0.7939666965422898,0.7939666965422898,0.7939666965422898,0.7939666965422898,0.7939666965422898,0.7939666965422898,0.7939666965422898,0.7939666965422898,0.7939666965422898,0.7939666965422898,0.7939666965422898,0.7939666965422898,0.7939666965422898,0.7939666965422898,0.7939666965422898,0.7939666965422898,0.7939666965422898,0.7939666965422898,0.7939666965422898,0.7939666965422898,0.7939666965422898,0.7939666965422898,0.7939666965422898,0.7939666965422898,0.7939666965422898,0.7939666965422898,0.7939666965422898,0.7939666965422898,0.7939666965422898,0.7939666965422898,0.7939666965422898,0.7939666965422898,0.7939666965422898,0.7939666965422898,0.7939666965422898,0.7939666965422898,0.7939666965422898,0.7939666965422898,0.7939666965422898,0.7939666965422898,0.7939666965422898,0.7939666965422898,0.7939666965422898,0.7939666965422898,0.7939666965422898
0.6793148139338082,0.6793148139338082,0.6900028977108085,0.7195788660291703,0.7195788660291703,0.7195788660291703,0.726320873176857,0.7361151357094561,0.7361151357094561,0.7361151357094561,0.7361151357094561,0.7361151357094561,0.7361151357094561,0.7361151357094561,0.7361151357094561,0.7361151357094561,0.7361151357094561,0.7361151357094561,0.7361151357094561,0.7361151357094561,0.7361151357094561,0.7361151357094561,0.7361151357094561,0.7361151357094561,0.7361151357094561,0.7361151357094561,0.7361151357094561,0.7361151357094561,0.7361151357094561,0.7361151357094561,0.7361151357094561,0.7361151357094561,0.7361151357094561,0.7361151357094561,0.7361151357094561,0.7361151357094561,0.7361151357094561,0.7361151357094561,0.7361151357094561,0.7361151357094561,0.7361151357094561,0.7361151357094561,0.7361151357094561,0.7361151357094561,0.7361151357094561,0.7361151357094561,0.7361151357094561,0.7361151357094561,0.7361151357094561,0.7361151357094561,0.7361151357094561,0.7361151357094561,0.7361151357094561,0.7361151357094561,0.7361151357094561,0.7361151357094561,0.7361151357094561,0.7361151357094561,0.7361151357094561,0.7361151357094561,0.7361151357094561,0.7361151357094561,0.7361151357094561,0.7361151357094561,0.7361151357094561,0.7361151357094561,0.7361151357094561,0.7361151357094561,0.7361151357094561,0.7361151357094561,0.7361151357094561,0.7361151357094561,0.7361151357094561,0.7361151357094561,0.7361151357094561,0.7361151357094561,0.7361151357094561,0.7361151357094561,0.7361151357094561,0.7361151357094561,0.7361151357094561,0.7361151357094561,0.7361151357094561,0.7361151357094561,0.7361151357094561,0.7361151357094561,0.7361151357094561,0.7361151357094561,0.7361151357094561,0.7361151357094561,0.7361151357094561,0.7361151357094561,0.7361151357094561,0.7361151357094561,0.7361151357094561,0.7361151357094561,0.7361151357094561,0.7361151357094561,0.7361151357094561,0.7361151357094561
0.6897726002450574,0.6897726002450574,0.7236046505716623,0.7236046505716623,0.7236046505716623,0.7236046505716623,0.7236046505716623,0.7310569548016251,0.7310569548016251,0.7310569548016251,0.7310569548016251,0.7310569548016251,0.7310569548016251,0.7310569548016251,0.7310569548016251,0.7310569548016251,0.7310569548016251,0.7310569548016251,0.7310569548016251,0.7310569548016251,0.7310569548016251,0.7310569548016251,0.7310569548016251,0.7310569548016251,0.7310569548016251,0.7310569548016251,0.7310569548016251,0.7310569548016251,0.7310569548016251,0.7310569548016251,0.7310569548016251,0.7310569548016251,0.7310569548016251,0.7310569548016251,0.7310569548016251,0.7310569548016251,0.7310569548016251,0.7310569548016251,0.7310569548016251,0.7310569548016251,0.7310569548016251,0.7310569548016251,0.7310569548016251,0.7310569548016251,0.7538781029653241,0.7538781029653241,0.7538781029653241,0.7538781029653241,0.7562428583913041,0.7562428583913041,0.7562428583913041,0.7562428583913041,0.7562428583913041,0.7562428583913041,0.7562428583913041,0.7562428583913041,0.7562428583913041,0.7562428583913041,0.7562428583913041,0.7562428583913041,0.7562428583913041,0.7562428583913041,0.7562428583913041,0.7562428583913041,0.7562428583913041,0.7562428583913041,0.7562428583913041,0.7562428583913041,0.7562428583913041,0.7562428583913041,0.7562428583913041,0.7562428583913041,0.7562428583913041,0.7562428583913041,0.7562428583913041,0.7562428583913041,0.7562428583913041,0.7562428583913041,0.7562428583913041,0.7562428583913041,0.7562428583913041,0.7562428583913041,0.7562428583913041,0.7562428583913041,0.7562428583913041,0.7562428583913041,0.7562428583913041,0.7562428583913041,0.7562428583913041,0.7562428583913041,0.7562428583913041,0.7562428583913041,0.7562428583913041,0.7562428583913041,0.7562428583913041,0.7562428583913041,0.7562428583913041,0.7562428583913041,0.7562428583913041,0.7562428583913041
0.6683726573178905,0.6829469718922051,0.6829469718922051,0.6829469718922051,0.6928242258790993,0.6928242258790993,0.6932628223703275,0.6932628223703275,0.6958317446760919,0.6958317446760919,0.6958317446760919,0.6958317446760919,0.6958317446760919,0.6958317446760919,0.6958317446760919,0.6958317446760919,0.6958317446760919,0.6958317446760919,0.6958317446760919,0.6958317446760919,0.6958317446760919,0.6958317446760919,0.6958317446760919,0.6958317446760919,0.6958317446760919,0.6958317446760919,0.6958317446760919,0.6958317446760919,0.6958317446760919,0.6958317446760919,0.6958317446760919,0.6958317446760919,0.6958317446760919,0.6958317446760919,0.6958317446760919,0.6958317446760919,0.6958317446760919,0.6958317446760919,0.6958317446760919,0.6958317446760919,0.6958317446760919,0.6958317446760919,0.6958317446760919,0.6958317446760919,0.6958317446760919,0.6958317446760919,0.6958317446760919,0.6958317446760919,0.6958317446760919,0.6958317446760919,0.6958317446760919,0.6958317446760919,0.6958317446760919,0.6958317446760919,0.6958317446760919,0.6958317446760919,0.6958317446760919,0.6958317446760919,0.6958317446760919,0.6958317446760919,0.6958317446760919,0.6958317446760919,0.6958317446760919,0.6958317446760919,0.6958317446760919,0.6958317446760919,0.6958317446760919,0.6958317446760919,0.6958317446760919,0.6958317446760919,0.6958317446760919,0.6958317446760919,0.6958317446760919,0.6958317446760919,0.6958317446760919,0.6958317446760919,0.6958317446760919,0.6958317446760919,0.6958317446760919,0.6958317446760919,0.6958317446760919,0.6958317446760919,0.6958317446760919,0.6958317446760919,0.6958317446760919,0.6958317446760919,0.6958317446760919,0.6958317446760919,0.6958317446760919,0.6958317446760919,0.6958317446760919,0.6958317446760919,0.6958317446760919,0.6958317446760919,0.6958317446760919,0.6958317446760919,0.6958317446760919,0.6958317446760919,0.6958317446760919,0.6958317446760919
0.6618643695722803,0.7020690639532775,0.7020690639532775,0.7020690639532775,0.7020690639532775,0.7020690639532775,0.7020690639532775,0.7020690639532775,0.7020690639532775,0.7020690639532775,0.7020690639532775,0.7020690639532775,0.7020690639532775,0.7020690639532775,0.7020690639532775,0.7020690639532775,0.7020690639532775,0.7020690639532775,0.7020690639532775,0.7020690639532775,0.7020690639532775,0.7020690639532775,0.7020690639532775,0.7020690639532775,0.7020690639532775,0.7020690639532775,0.7020690639532775,0.703753919753713,0.703753919753713,0.7234218088729012,0.7234218088729012,0.7243317269802715,0.7243317269802715,0.7258482571592221,0.7258482571592221,0.7258482571592221,0.7258482571592221,0.7258482571592221,0.7258482571592221,0.7258482571592221,0.7258482571592221,0.7258482571592221,0.7258482571592221,0.7258482571592221,0.7258482571592221,0.7258482571592221,0.7258482571592221,0.7258482571592221,0.7258482571592221,0.7258482571592221,0.7258482571592221,0.7258482571592221,0.7258482571592221,0.7258482571592221,0.7258482571592221,0.7258482571592221,0.7258482571592221,0.7258482571592221,0.7258482571592221,0.7258482571592221,0.7258482571592221,0.7258482571592221,0.7258482571592221,0.7258482571592221,0.7258482571592221,0.7258482571592221,0.7258482571592221,0.7258482571592221,0.7258482571592221,0.7258482571592221,0.7258482571592221,0.7258482571592221,0.7258482571592221,0.7258482571592221,0.7258482571592221,0.7258482571592221,0.7258482571592221,0.7258482571592221,0.7258482571592221,0.7258482571592221,0.7258482571592221,0.7258482571592221,0.7258482571592221,0.7258482571592221,0.7258482571592221,0.7258482571592221,0.7258482571592221,0.7258482571592221,0.7258482571592221,0.7258482571592221,0.7258482571592221,0.7258482571592221,0.7258482571592221,0.7258482571592221,0.7258482571592221,0.7258482571592221,0.7258482571592221,0.7258482571592221,0.7258482571592221,0.7258482571592221
0.6720244748145564,0.7025699072732542,0.7025699072732542,0.7025699072732542,0.7025699072732542,0.7025699072732542,0.7025699072732542,0.7025699072732542,0.7025699072732542,0.7025699072732542,0.7025699072732542,0.7025699072732542,0.7025699072732542,0.7025699072732542,0.7025699072732542,0.7025699072732542,0.7025699072732542,0.7025699072732542,0.7025699072732542,0.7025699072732542,0.7025699072732542,0.7025699072732542,0.7025699072732542,0.7025699072732542,0.7025699072732542,0.7025699072732542,0.7025699072732542,0.7025699072732542,0.7025699072732542,0.7025699072732542,0.7025699072732542,0.7025699072732542,0.7025699072732542,0.7025699072732542,0.7029158062177293,0.7058091154401526,0.7058091154401526,0.7334161076041067,0.7334161076041067,0.7334161076041067,0.7334161076041067,0.7334161076041067,0.7334161076041067,0.7334161076041067,0.7334161076041067,0.7334161076041067,0.7334161076041067,0.7334161076041067,0.7334161076041067,0.7334161076041067,0.7334161076041067,0.7334161076041067,0.7334161076041067,0.7334161076041067,0.7334161076041067,0.7334161076041067,0.7334161076041067,0.7334161076041067,0.7334161076041067,0.7334161076041067,0.7334161076041067,0.7334161076041067,0.7334161076041067,0.7334161076041067,0.7334161076041067,0.7334161076041067,0.7334161076041067,0.7334161076041067,0.7334161076041067,0.7334161076041067,0.7334161076041067,0.7334161076041067,0.7334161076041067,0.7334161076041067,0.7334161076041067,0.7334161076041067,0.7334161076041067,0.7334161076041067,0.7334161076041067,0.7334161076041067,0.7334161076041067,0.7334161076041067,0.7334161076041067,0.7334161076041067,0.7334161076041067,0.7334161076041067,0.7334161076041067,0.7334161076041067,0.7334161076041067,0.7334161076041067,0.7334161076041067,0.7334161076041067,0.7334161076041067,0.7334161076041067,0.7334161076041067,0.7334161076041067,0.7334161076041067,0.7334161076041067,0.7334161076041067,0.7334161076041067
0.6625623812743489,0.6724769792974662,0.6982154199192738,0.6982154199192738,0.6982154199192738,0.7051489369694238,0.7058103126307994,0.7254032647541774,0.7254032647541774,0.7319714092533564,0.7319714092533564,0.7319714092533564,0.7319714092533564,0.7319714092533564,0.7319714092533564,0.7319714092533564,0.7319714092533564,0.7319714092533564,0.7319714092533564,0.7319714092533564,0.7319714092533564,0.7319714092533564,0.7319714092533564,0.7319714092533564,0.7319714092533564,0.7319714092533564,0.7319714092533564,0.7319714092533564,0.7319714092533564,0.7319714092533564,0.7319714092533564,0.7319714092533564,0.7319714092533564,0.7319714092533564,0.7319714092533564,0.7319714092533564,0.7319714092533564,0.7319714092533564,0.7319714092533564,0.7319714092533564,0.7319714092533564,0.7319714092533564,0.7319714092533564,0.7319714092533564,0.7319714092533564,0.7319714092533564,0.7319714092533564,0.7319714092533564,0.7319714092533564,0.7319714092533564,0.7319714092533564,0.7319714092533564,0.7319714092533564,0.7319714092533564,0.7319714092533564,0.7319714092533564,0.7319714092533564,0.7319714092533564,0.7319714092533564,0.7319714092533564,0.7319714092533564,0.7319714092533564,0.7319714092533564,0.7319714092533564,0.7319714092533564,0.7319714092533564,0.7319714092533564,0.7319714092533564,0.7319714092533564,0.7319714092533564,0.7319714092533564,0.7319714092533564,0.7319714092533564,0.7319714092533564,0.7319714092533564,0.7319714092533564,0.7319714092533564,0.7319714092533564,0.7319714092533564,0.7319714092533564,0.7319714092533564,0.7319714092533564,0.7319714092533564,0.7319714092533564,0.7319714092533564,0.7319714092533564,0.7319714092533564,0.7319714092533564,0.7319714092533564,0.7319714092533564,0.7319714092533564,0.7319714092533564,0.7319714092533564,0.7319714092533564,0.7319714092533564,0.7319714092533564,0.7319714092533564,0.7319714092533564,0.7319714092533564,0.7319714092533564
